"date","predicted_cases","lower_80","upper_80","lower_95","upper_95"
2025-03-31,0.00618570501463328,-167.617619106919,167.629990516949,-256.352301316418,256.364672726447
2025-04-01,-0.0081160559598508,-187.642295311755,187.626063199836,-286.969829885877,286.953597773957
2025-04-02,-0.0125321231145337,-202.52851862481,202.503454378581,-309.734006083664,309.708941837435
2025-04-03,-0.0102161241507576,-207.90796144166,207.887529193359,-317.96237992666,317.941947678358
2025-04-04,-0.00702397567503134,-217.693147197595,217.679099246245,-332.92921994506,332.91517199371
2025-04-05,-0.00204685047740739,-229.395655007277,229.391561306323,-350.829295912407,350.825202211452
2025-04-06,-0.00157877938377306,-250.609575528656,250.606417969888,-383.27343538827,383.270277829503
2025-04-07,-0.00601805404223091,-286.46295095306,286.450914844976,-438.104091279285,438.0920551712
2025-04-08,-0.00942201930548846,-309.240845603757,309.222001565146,-472.938073045546,472.919229006935
2025-04-09,-0.01264746926852,-322.328675690391,322.303380751854,-492.952474424214,492.927179485677
2025-04-10,-0.0123778782531966,-331.402359263526,331.377603507019,-506.829618647273,506.804862890767
2025-04-11,-0.00863671400261978,-340.163133518346,340.145860090341,-520.230047104575,520.212773676569
2025-04-12,-0.00473495056630686,-353.018727462812,353.009257561679,-539.893046872428,539.883576971295
2025-04-13,-0.00295142967638869,-370.217524084099,370.211621224747,-566.197280603006,566.191377743653
2025-04-14,-0.0024663292789669,-402.137673696053,402.132741037495,-615.015193514773,615.010260856215
2025-04-15,-0.00973534027988532,-422.992740719114,422.973270038555,-646.906418161409,646.886947480849
2025-04-16,-0.0135550812752908,-438.270097580725,438.242987418174,-670.269097177193,670.241987014642
2025-04-17,-0.0133111042476166,-448.375536085839,448.348913877344,-685.724160841866,685.697538633371
2025-04-18,-0.0105417334713247,-458.815535726989,458.794452260047,-701.692228472525,701.671145005583
2025-04-19,-0.00652192386571615,-471.333623624094,471.320579776362,-720.839119773745,720.826075926013
2025-04-20,-0.00483564499956916,-488.361855168678,488.352183878679,-746.882445253305,746.872773963306
2025-04-21,-0.00691100241111603,-507.575170501273,507.561348496451,-776.265576716497,776.251754711675
2025-04-22,-0.00914214258113028,-524.906078934651,524.887794649488,-802.769732794795,802.751448509633
2025-04-23,-0.0118516209154935,-538.027293575474,538.003590333643,-822.835464581993,822.811761340162
2025-04-24,-0.0125279685616271,-548.417600303745,548.392544366622,-838.725709407562,838.700653470438
2025-04-25,-0.0106254925486797,-557.865596603442,557.844345618345,-853.176179942438,853.154928957341
2025-04-26,-0.00793517043188355,-568.836821790294,568.82095144943,-869.956645090015,869.940774749151
2025-04-27,-0.00613942070495243,-581.982732947788,581.970454106379,-890.06253186377,890.05025302236
2025-04-28,-0.00578148209841711,-598.715063463548,598.703500499352,-915.652612590931,915.641049626734
2025-04-29,-0.00894577592608411,-613.579766414318,613.561874862466,-938.384538883561,938.366647331709
2025-04-30,-0.0113509533376496,-626.238966614798,626.216264708123,-957.743841646579,957.721139739904
2025-05-01,-0.0119951254586472,-636.441024144495,636.417033893578,-973.346201200131,973.322210949214
2025-05-02,-0.0109125319142282,-646.036003762241,646.014178698413,-988.021029302028,987.999204238199
2025-05-03,-0.00874631143025264,-656.212799627734,656.195307004874,-1003.58624220611,1003.56874958325
2025-05-04,-0.00729580008344174,-668.093746594774,668.079154994607,-1021.75735043822,1021.74275883805
2025-05-05,-0.00772171875829444,-680.847591069707,680.83214763219,-1041.26244688446,1041.24700344694
2025-05-06,-0.00870278065081269,-693.549028932111,693.531623370809,-1060.68710045822,1060.66969489692
2025-05-07,-0.0103377859012494,-704.782621084751,704.761945512948,-1077.86653156364,1077.84585599184
2025-05-08,-0.0111849730019112,-714.615819750804,714.593449804801,-1092.90466269639,1092.88229275039
2025-05-09,-0.0106212858116952,-723.629226015116,723.607983443492,-1106.68977641592,1106.66853384429
2025-05-10,-0.00927678453077136,-732.94640437281,732.927850803749,-1120.93988279944,1120.92132923038
2025-05-11,-0.00804302352722747,-743.092305024877,743.076218977822,-1136.4573519378,1136.44126589075
2025-05-12,-0.0075441022535214,-754.490730164134,754.475641959627,-1153.89000297461,1153.8749147701
2025-05-13,-0.00872175304847324,-765.682829512399,765.665386006302,-1171.00621842064,1170.98877491455
2025-05-14,-0.00999377196403597,-776.145700816223,776.125713272295,-1187.00712585836,1186.98713831444
2025-05-15,-0.0106848220967906,-785.515752377959,785.494382733765,-1201.33701727361,1201.31564762942
2025-05-16,-0.0104834621844863,-794.316916530937,794.295949606568,-1214.79734289039,1214.77637596602
2025-05-17,-0.00952671868587584,-803.112457113828,803.093403676456,-1228.24946787482,1228.23041443745
2025-05-18,-0.00861226051845961,-812.476743601501,812.459519080464,-1242.5713922749,1242.55416775386
2025-05-19,-0.0084580725058018,-822.260996470859,822.244080325847,-1257.53519736728,1257.51828122226
2025-05-20,-0.00874722106963785,-832.23518070134,832.217686259201,-1272.78924272177,1272.77174827963
2025-05-21,-0.00956880432630036,-841.757266802033,841.73812919338,-1287.35158179927,1287.33244419061
2025-05-22,-0.0102069947132485,-850.644764754906,850.624350765479,-1300.94349913785,1300.92308514843
2025-05-23,-0.0101965747779307,-859.006922857763,858.986529708207,-1313.73232186203,1313.71192871248
2025-05-24,-0.00965243484108752,-867.295763068206,867.276458198524,-1326.40929708032,1326.38999221064
2025-05-25,-0.00895693290168709,-875.830283821618,875.812369955815,-1339.46208839117,1339.44417452537
2025-05-26,-0.00852438906180615,-884.842041532152,884.824992754028,-1353.24461144217,1353.22756266405
2025-05-27,-0.00886258873140215,-893.923095730703,893.90537055324,-1367.1327063191,1367.11498114164
2025-05-28,-0.00944431129142736,-902.798072784348,902.779184161765,-1380.70550448705,1380.68661586446
2025-05-29,-0.00992262810593723,-911.214380897437,911.194535641225,-1393.57688378373,1393.55703852752
2025-05-30,-0.010018878581069,-919.268234952489,919.248197195327,-1405.89413968784,1405.87410193068
2025-05-31,-0.00967464678359289,-927.178610151999,927.159260858432,-1417.99219679549,1417.97284750193
2025-06-01,-0.00919295155431771,-935.227863676313,935.209477773204,-1430.30272274098,1430.28433683787
2025-06-02,-0.00895368682966489,-943.451155857425,943.433248483766,-1442.87928950803,1442.86138213437
2025-06-03,-0.00896019936340472,-951.814777852896,951.796857454169,-1455.67034209925,1455.65242170053
2025-06-04,-0.00931082707670139,-960.058837569825,960.040215915672,-1468.27835780131,1468.25973614716
2025-06-05,-0.00969321642782034,-968.035685523627,968.016299090771,-1480.4776915638,1480.45830513095
2025-06-06,-0.00982552577036356,-975.720253208902,975.700602157361,-1492.23015361413,1492.21050256259
2025-06-07,-0.00965977703197773,-983.26941777233,983.250098218266,-1503.77569224206,1503.756372688
2025-06-08,-0.00932253138910312,-990.84597910631,990.827334043532,-1515.3632213998,1515.34457633702
2025-06-09,-0.0090329055032953,-998.587707895553,998.569642084547,-1527.20332717373,1527.18526136272
2025-06-10,-0.00907011383329979,-1006.39619486437,1006.3780546367,-1539.1453577572,1539.12721752954
2025-06-11,-0.00929542697435942,-1014.15763363121,1014.13904277726,-1551.01533474836,1550.99674389441
2025-06-12,-0.00956392200379548,-1021.73353608073,1021.71440823672,-1562.60153556953,1562.58240772552
2025-06-13,-0.00970228391962065,-1029.10913925916,1029.08973469132,-1573.88147397871,1573.86206941087
2025-06-14,-0.00961840198552597,-1036.35180451054,1036.33256770656,-1584.95821902197,1584.938982218
2025-06-15,-0.00940056502850263,-1043.5883638432,1043.56956271314,-1596.02569677989,1596.00689564984
2025-06-16,-0.00922476753323313,-1050.87403648568,1050.85558695062,-1607.16826460904,1607.14981507397
2025-06-17,-0.0091545723398869,-1058.22655507315,1058.20824592847,-1618.41300858644,1618.39469944176
2025-06-18,-0.00927531701391228,-1065.55190401972,1065.53335338569,-1629.61609910638,1629.59754847235
2025-06-19,-0.00947094033102457,-1072.76750294811,1072.74856106745,-1640.65130181963,1640.63235993896
2025-06-20,-0.00959410125119796,-1079.83093461609,1079.81174641359,-1651.45382314987,1651.43463494737
2025-06-21,-0.00957498866381535,-1086.78464882976,1086.76549885243,-1662.08862142894,1662.06947145161
2025-06-22,-0.00943481702827232,-1093.70041988689,1093.68155025284,-1672.66545474249,1672.64658510843
2025-06-23,-0.00927075176100949,-1100.65402551831,1100.63548401479,-1683.30016369265,1683.28162218912
2025-06-24,-0.00922863436703917,-1107.63501710319,1107.61655983446,-1693.97669128901,1693.95823402027
2025-06-25,-0.00929490145766589,-1114.60539664374,1114.58680684082,-1704.63693178883,1704.61834198592
2025-06-26,-0.00942373641252491,-1121.4992663184,1121.48041884557,-1715.18012742488,1715.16127995205
2025-06-27,-0.00952645125846843,-1128.28791699022,1128.26886408771,-1725.56241830969,1725.54336540718
2025-06-28,-0.00953192252662046,-1134.98316317533,1134.96409933028,-1735.80191083694,1735.78284699188
2025-06-29,-0.00944954380011659,-1141.63577668369,1141.61687759609,-1745.97624881657,1745.95734972897
2025-06-30,-0.0093495015473042,-1148.28339924275,1148.26470023966,-1756.14296314848,1756.12426414538
2025-07-01,-0.00928191334766289,-1154.94925901483,1154.93069518814,-1766.33755171066,1766.31898788396
2025-07-02,-0.00930750307182606,-1161.60512176333,1161.58650675719,-1776.51680181923,1776.49818681309
2025-07-03,-0.00939395767274745,-1168.21252164815,1168.19373373281,-1786.62190215386,1786.60311423851
2025-07-04,-0.00947392708268681,-1174.74100971913,1174.72206186496,-1796.60632071679,1796.58737286262
2025-07-05,-0.00949633163607847,-1181.1953401822,1181.17634751893,-1806.4773554785,1806.45836281523
2025-07-06,-0.0094494972428443,-1187.60255402757,1187.58365503308,-1816.2763682446,1816.25746925012
2025-07-07,-0.00936835042031325,-1194.00033479776,1193.98159809692,-1826.06097253108,1826.04223583024
2025-07-08,-0.00932324044052104,-1200.39756180761,1200.37891532673,-1835.84471083745,1835.82606435657
2025-07-09,-0.00932998677917902,-1206.78601075342,1206.76735077986,-1845.61499680229,1845.59633682873
2025-07-10,-0.00938254643560208,-1213.13803742259,1213.11927232972,-1855.3295554498,1855.31079035693
2025-07-11,-0.00944257672920284,-1219.43341251164,1219.41452735818,-1864.95746902748,1864.93858387402
2025-07-12,-0.00946715804040969,-1225.66832574959,1225.64939143351,-1874.49293294903,1874.47399863295
2025-07-13,-0.00944443801721622,-1231.86011432506,1231.84122544902,-1883.96246843057,1883.94357955453
2025-07-14,-0.00939660988496358,-1238.02863249609,1238.00983927632,-1893.39642819111,1893.37763497134
2025-07-15,-0.00935125910696302,-1244.19069227542,1244.1719897572,-1902.82050938246,1902.80180686424
2025-07-16,-0.00934565799583738,-1250.34120035642,1250.32250904042,-1912.22690273357,1912.20821141758
2025-07-17,-0.00937751440526046,-1256.46490823772,1256.44615320891,-1921.59228888744,1921.57353385863
2025-07-18,-0.00942051981309902,-1262.54481121808,1262.52597017845,-1930.89067532461,1930.87183428498
2025-07-19,-0.00944537150025404,-1268.57660098968,1268.55771024668,-1940.11548856881,1940.09659782581
2025-07-20,-0.00943621168008267,-1274.56832937237,1274.54945694901,-1949.27905121044,1949.26017878708
2025-07-21,-0.00940124292182343,-1280.53688975277,1280.51808726693,-1958.40719511265,1958.3883926268
2025-07-22,-0.00937115892060132,-1286.49134089726,1286.47259857942,-1967.51375821477,1967.49501589693
2025-07-23,-0.0093616829261934,-1292.43283361458,1292.41411024873,-1976.60049220353,1976.58176883768
2025-07-24,-0.00937856031335356,-1298.3514591053,1298.33270198467,-1985.65223983651,1985.63348271588
2025-07-25,-0.00940842796606382,-1304.2363309567,1304.21751410076,-1994.65235885621,1994.63354200028
2025-07-26,-0.0094292134748131,-1310.08182898357,1310.06297055662,-2003.59226561554,2003.57340718859
2025-07-27,-0.00942822034349754,-1315.89234120435,1315.87348476366,-2012.47867773066,2012.45982128997
2025-07-28,-0.00940906709130613,-1321.67671406861,1321.65789593443,-2021.32512276315,2021.30630462897
2025-07-29,-0.00938378415811844,-1327.44476809836,1327.42600053004,-2030.14661353683,2030.12784596852
2025-07-30,-0.00937264181699475,-1333.19792697546,1333.17918169183,-2038.94531665477,2038.92657137114
2025-07-31,-0.00938098239200485,-1338.9313709768,1338.91260901202,-2047.71385815851,2047.69509619373
2025-08-01,-0.00940085057731693,-1344.63700628052,1344.61820457936,-2056.43986382698,2056.42106212583
2025-08-02,-0.00941800318624453,-1350.31036181524,1350.29152580886,-2065.11650328648,2065.09766728011
2025-08-03,-0.00942078686080161,-1355.95267753676,1355.93383596304,-2073.7456790547,2073.72683748098
2025-08-04,-0.00940822585575038,-1361.57070236581,1361.55188591409,-2082.33771323168,2082.31889677997
2025-08-05,-0.00939200280395168,-1367.17013503505,1367.15135102944,-2090.90131509254,2090.88253108694
2025-08-06,-0.00938190723491001,-1372.75381545625,1372.73505164178,-2099.44082272526,2099.42205891079
2025-08-07,-0.00938467977833021,-1378.31908871095,1378.30031935139,-2107.95217221418,2107.93340285462
2025-08-08,-0.00939742461036494,-1383.8610493411,1383.84225449188,-2116.42786284155,2116.40906799233
2025-08-09,-0.00941031966550163,-1389.37575959135,1389.35693895201,-2124.86187752975,2124.84305689042
2025-08-10,-0.00941479929616208,-1394.86343494525,1394.84460534666,-2133.25455036683,2133.23572076824
2025-08-11,-0.0094089572246585,-1400.32741641671,1400.30859850227,-2141.61099200174,2141.59217408729
2025-08-12,-0.00939674365520532,-1405.7727198857,1405.75392639839,-2149.93887146978,2149.92007798247
2025-08-13,-0.00938800729306596,-1411.2016287669,1411.18285275231,-2158.24167573879,2158.2228997242
2025-08-14,-0.00938801887621811,-1416.61331775793,1416.59454172018,-2166.51813982752,2166.49936378977
2025-08-15,-0.00939576515006002,-1422.00448805237,1421.98569652207,-2174.76321918332,2174.74442765302
2025-08-16,-0.00940536996495581,-1427.37232139142,1427.35351065149,-2182.97260676192,2182.95379602199
2025-08-17,-0.00941003261903767,-1432.71622402334,1432.6974039581,-2191.1453980985,2191.12657803326
2025-08-18,-0.00940689295163536,-1438.0385151383,1438.0197013524,-2199.28514160239,2199.26632781649
2025-08-19,-0.00939946588619162,-1443.34213254624,1443.32333361447,-2207.39632840551,2207.37752947373
2025-08-20,-0.00939262054663299,-1448.62934364998,1448.61055840889,-2215.48242362365,2215.46363838255
2025-08-21,-0.00939112454505491,-1453.90000379945,1453.88122155036,-2223.5432035098,2223.52442126071
2025-08-22,-0.00939555790703893,-1459.15229184505,1459.13350072924,-2231.57588254897,2231.55709143316
2025-08-23,-0.00940225749690802,-1464.38407264964,1464.36526813464,-2239.57719726981,2239.55839275482
2025-08-24,-0.00940653172625588,-1469.59466900776,1469.57585594431,-2247.54611445956,2247.52730139611
2025-08-25,-0.00940583639131408,-1474.78508220334,1474.76627053055,-2255.48416679661,2255.46535512383
2025-08-26,-0.00940074869280182,-1479.95761425636,1479.93881275898,-2263.39487461122,2263.37607311383
2025-08-27,-0.00939550085257736,-1485.11394715091,1485.0951561492,-2271.2808080356,2271.2620170339
2025-08-28,-0.00939354886888227,-1490.25445379034,1490.2356666926,-2279.14253554678,2279.12374844904
2025-08-29,-0.00939583665583405,-1495.37806302895,1495.35927135564,-2286.97841846906,2286.95962679575
2025-08-30,-0.00940044727932162,-1500.48336634101,1500.46456544645,-2294.786303663,2294.76750276844
2025-08-31,-0.00940398792904838,-1505.56963179352,1505.55082381766,-2302.56507352972,2302.54626555386
2025-09-01,-0.00940409556757191,-1510.63747851411,1510.61867032297,-2310.31567619414,2310.296868003
2025-09-02,-0.00940126657594127,-1515.68823144624,1515.66942891309,-2318.04013771965,2318.0213351865
2025-09-03,-0.00939748764158165,-1520.72328568955,1520.70449071427,-2325.74059067535,2325.72179570006
2025-09-04,-0.00939548176013171,-1525.74311954411,1525.72432858059,-2333.41776511658,2333.39897415306
2025-09-05,-0.00939646789017111,-1530.74726537679,1530.72847244101,-2341.07094521493,2341.05215227914
2025-09-06,-0.0093994553554342,-1535.73476873301,1535.71596982229,-2348.69867178251,2348.67987287179
2025-09-07,-0.00940225003412115,-1540.70504871543,1540.68624421536,-2356.300057575,2356.28125307493
2025-09-08,-0.00940302012468512,-1545.65828004678,1545.63947400653,-2363.87537077747,2363.85656473722
2025-09-09,-0.00940130005067971,-1550.59542306596,1550.57662046585,-2371.42608034795,2371.40727774785
2025-09-10,-0.00939863181070148,-1555.51746774793,1555.49867048431,-2378.95369950625,2378.93490224263
2025-09-11,-0.00939687295721598,-1560.42495414596,1560.40616040005,-2386.4590532092,2386.44025946328
2025-09-12,-0.00939710512035951,-1565.31770240772,1565.29890819748,-2393.94186582383,2393.92307161359
2025-09-13,-0.00939899397411886,-1570.19514614317,1570.17634815522,-2401.40127130832,2401.38247332037
2025-09-14,-0.00940108199504554,-1575.05681828165,1575.03801611766,-2408.8365561113,2408.81775394731
2025-09-15,-0.00940190930337119,-1579.90279852704,1579.88399470843,-2416.24784290214,2416.22903908353
2025-09-16,-0.00940112601873726,-1584.73362396157,1584.71482170954,-2423.63595326246,2423.61715101042
2025-09-17,-0.00939933932998472,-1589.55004873265,1589.53125005399,-2431.00204023974,2430.98324156108
2025-09-18,-0.00939788403212717,-1594.35254920203,1594.33375343396,-2438.34683165982,2438.32803589175
2025-09-19,-0.00939772613756459,-1599.14115163333,1599.12235618105,-2445.67036717808,2445.6515717258
2025-09-20,-0.00939883445827995,-1603.91552608215,1603.89672841323,-2452.97214220461,2452.95334453569
2025-09-21,-0.00940034374494366,-1608.67535347059,1608.6565527831,-2460.2516692099,2460.23286852241
2025-09-22,-0.00940120817205411,-1613.42059789202,1613.40179547568,-2467.50889383312,2467.49009141678
2025-09-23,-0.00940085219223204,-1618.15162968595,1618.13282798157,-2474.74438276437,2474.72558105998
2025-09-24,-0.00939968615753162,-1622.86897032926,1622.85017095695,-2481.95893331647,2481.94013394416
2025-09-25,-0.00939856331229371,-1627.57303901784,1627.55424189122,-2489.15318614254,2489.13438901591
2025-09-26,-0.00939823229986828,-1632.26394235902,1632.24514589442,-2496.3273038881,2496.3085074235
2025-09-27,-0.0093988464977989,-1636.9415282464,1636.92273055341,-2503.48105384532,2503.46225615232
2025-09-28,-0.00939989137242483,-1641.60558180923,1641.58678202649,-2510.6141076701,2510.59530788735
2025-09-29,-0.00940060723625281,-1646.25607132628,1646.2372701118,-2517.72641725115,2517.70761603668
2025-09-30,-0.0094005739072655,-1650.89320104763,1650.87439989982,-2524.81829518448,2524.79949403666
2025-10-01,-0.00939985702750227,-1655.51735187887,1655.49855216482,-2531.89032398013,2531.87152426608
2025-10-02,-0.00939901896679797,-1660.12886066674,1660.1100626288,-2538.94301850305,2538.92422046512
2025-10-03,-0.00939864403211785,-1664.72788148745,1664.70908419939,-2545.97661408318,2545.95781679511
2025-10-04,-0.00939893670764821,-1669.31436421105,1669.29556633763,-2552.99103394508,2552.97223607167
2025-10-05,-0.00939963690503658,-1673.88818787945,1673.86938860564,-2559.98609323704,2559.96729396323
2025-10-06,-0.00940023630403712,-1678.44930994275,1678.43050947014,-2566.96172715366,2566.94292668105
2025-10-07,-0.00940031888190241,-1682.99787187852,1682.97907124076,-2573.91815228646,2573.8993516487
2025-10-08,-0.0093998978848685,-1687.53413639527,1687.5153365995,-2580.85577040643,2580.83697061066
2025-10-09,-0.0093993018601284,-1692.05837650629,1692.03957790256,-2587.77499887741,2587.75620027369
2025-10-10,-0.00939894881228561,-1696.57074984718,1696.55195194956,-2594.67607856101,2594.65728066339
2025-10-11,-0.00939905660499295,-1701.07127466023,1701.05247654702,-2601.55903724105,2601.54023912784
2025-10-12,-0.0093995048747901,-1705.55989221082,1705.54109320107,-2608.42378515439,2608.40498614464
2025-10-13,-0.00939995298243983,-1710.03658434337,1710.0177844374,-2615.27029471481,2615.25149480884
2025-10-14,-0.00940010954068211,-1714.5014352813,1714.48263506222,-2622.09869488515,2622.07989466607
2025-10-15,-0.00939988572739174,-1718.95463641998,1718.93583664852,-2628.9092784264,2628.89047865495
2025-10-16,-0.00939947407723863,-1723.39640045032,1723.37760150216,-2635.70237051932,2635.68357157116
2025-10-17,-0.0093991736142564,-1727.82688009819,1727.80808175096,-2642.47820457966,2642.45940623243
2025-10-18,-0.00939917543892253,-1732.24612793861,1732.22732958774,-2649.23686091283,2649.21806256195
2025-10-19,-0.00939945003530624,-1736.65413287082,1736.63533397075,-2655.97832255728,2655.95952365721
2025-10-20,-0.00939978687818262,-1741.05088890481,1741.03208933105,-2662.70258046355,2662.6837808898
2025-10-21,-0.00939994426843747,-1745.43646195271,1745.41766206417,-2669.40973556349,2669.39093567495
2025-10-22,-0.00939984010225949,-1749.81098883126,1749.79218915106,-2676.09999714371,2676.08119746351
2025-10-23,-0.00939956833634981,-1754.17463790607,1754.15583876939,-2682.77362264744,2682.75482351077
2025-10-24,-0.00939932840611872,-1758.52754515648,1758.50874649966,-2689.43081993157,2689.41202127476
2025-10-25,-0.00939928066115532,-1762.8697821987,1762.85098363738,-2696.07169843876,2696.05289987744
2025-10-26,-0.00939943779464245,-1767.20136703387,1767.18256815828,-2702.69628569266,2702.67748681707
2025-10-27,-0.00939967193716896,-1771.52231301291,1771.50351366904,-2709.30460217942,2709.28580283554
2025-10-28,-0.00939982147265916,-1775.83266971866,1775.81387007572,-2715.896723815,2715.87792417206
2025-10-29,-0.00939978916039109,-1780.13254150873,1780.11374193041,-2722.47281025208,2722.45401067376
2025-10-30,-0.00939961607176072,-1784.42206039497,1784.40326116282,-2729.03306336361,2729.01426413147
2025-10-31,-0.00939943391098251,-1788.70134634784,1788.68254748002,-2735.57766655888,2735.55886769106
2025-11-01,-0.00939936638773062,-1792.97047666297,1792.9516779302,-2742.10673798584,2742.08793925306
2025-11-02,-0.00939944851000802,-1797.2294887341,1797.21068983708,-2748.62033481474,2748.60153591772
2025-11-03,-0.0093996108124479,-1801.47840667414,1801.45960745252,-2755.11849395992,2755.09969473829
2025-11-04,-0.00939973272181463,-1805.7172769519,1805.69847748646,-2761.60128655305,2761.58248708761
2025-11-05,-0.00939973820348071,-1809.94618050773,1809.92738103133,-2768.06883642202,2768.05003694561
2025-11-06,-0.00939963411760776,-1814.16522344079,1814.14642417255,-2774.52130582782,2774.50250655958
2025-11-07,-0.00939950130390323,-1818.37450870912,1818.35570970651,-2780.9588521884,2780.9400531858
2025-11-08,-0.00939943289645003,-1822.57411382123,1822.55531495544,-2787.38159399353,2787.36279512773
2025-11-09,-0.0093994686179346,-1826.76408625555,1826.74528731831,-2793.78960383413,2793.77080489689
2025-11-10,-0.00939957356240101,-1830.94446047463,1830.92566132751,-2800.18293443462,2800.16413528749
2025-11-11,-0.0093996715531815,-1835.11527947411,1835.09648013101,-2806.56165159148,2806.54285224837
2025-11-12,-0.00939969531025721,-1839.27661037619,1839.25781098557,-2812.92585799486,2812.90705860424
2025-11-13,-0.00939963652427137,-1843.42853941102,1843.40974013797,-2819.27568552682,2819.25688625377
2025-11-14,-0.00939954335135507,-1847.57115543186,1847.55235634515,-2825.61127005117,2825.59247096447
2025-11-15,-0.00939948206133081,-1851.70453193951,1851.68573297538,-2831.93272394263,2831.91392497851
2025-11-16,-0.00939949123496458,-1855.82872157498,1855.80992259251,-2838.24012768825,2838.22132870578
2025-11-17,-0.00939955806277,-1859.94376399127,1859.92496487515,-2844.53354193883,2844.51474282271
2025-11-18,-0.00939963059031164,-1864.04970244843,1864.03090318725,-2850.81303288241,2850.79423362123
2025-11-19,-0.00939966009628082,-1868.14659430379,1868.1277949836,-2857.07868826525,2857.05988894506
2025-11-20,-0.00939963049694816,-1872.23451178207,1872.21571252107,-2863.33061855404,2863.31181929305
2025-11-21,-0.00939956748333742,-1876.31353131205,1876.29473217708,-2869.56894062292,2869.55014148796
2025-11-22,-0.00939951714611316,-1880.38372122268,1880.36492218839,-2875.79375894761,2875.77495991332
2025-11-23,-0.00939951222736146,-1884.4451352985,1884.42633627405,-2882.00515576711,2881.98635674265
2025-11-24,-0.0093995514199839,-1888.49781689236,1888.47901778952,-2888.20319738458,2888.18439828174
2025-11-25,-0.00939960448617677,-1892.54180852819,1892.52300931921,-2894.38794885077,2894.3691496418
2025-11-26,-0.00939963352832237,-1896.57716158998,1896.55836232292,-2900.55948877078,2900.54068950372
2025-11-27,-0.00939962141780005,-1900.6039378299,1900.58513858707,-2906.71791159547,2906.69911235263
2025-11-28,-0.00939958048270993,-1904.62220383393,1904.60340467297,-2912.86331915278,2912.84451999181
2025-11-29,-0.00939954119651725,-1908.63202205973,1908.61322297734,-2918.99580694731,2918.97700786491
2025-11-30,-0.00939953007993338,-1912.63344545778,1912.61464639762,-2925.11545594581,2925.09665688565
2025-12-01,-0.00939955201862044,-1916.62651839245,1916.60771928842,-2931.22233399515,2931.20353489111
2025-12-02,-0.0093995885253276,-1920.61128333797,1920.59248416092,-2937.31650606383,2937.29770688677
2025-12-03,-0.00939961380442231,-1924.58778725146,1924.56898802386,-2943.39804398022,2943.37924475261
2025-12-04,-0.0093996117154886,-1928.55608438443,1928.537285161,-2949.46703072339,2949.44823149996
2025-12-05,-0.0093995862988035,-1932.51623320508,1932.49743403248,-2955.52355571061,2955.50475653801
2025-12-06,-0.00939955710637119,-1936.46829062843,1936.44949151422,-2961.56770597555,2961.54890686134
2025-12-07,-0.00939954424039567,-1940.41230737455,1940.39350828607,-2967.59955907719,2967.58075998871
2025-12-08,-0.00939955474601692,-1944.34832782152,1944.32952871202,-2973.61918288223,2973.60038377274
2025-12-09,-0.00939957945337734,-1948.27639355877,1948.25759439986,-2979.62664100108,2979.60784184218
2025-12-10,-0.00939960001330139,-1952.1965484625,1952.17774926248,-2985.62200054631,2985.60320134628
2025-12-11,-0.00939960297608916,-1956.1088410894,1956.09004188344,-2991.60533578606,2991.58653658011
2025-12-12,-0.00939958809340976,-1960.01332352587,1959.99452434969,-2997.57672637978,2997.5579272036
2025-12-13,-0.00939956716534444,-1963.91004752721,1963.89124839288,-3003.53625147409,3003.51745233975
2025-12-14,-0.00939955498698441,-1967.79906105357,1967.78026194359,-3009.48398440988,3009.46518529991
2025-12-15,-0.00939955899374983,-1971.68040730565,1971.66160818766,-3015.41999125301,3015.40119213502
2025-12-16,-0.00939957474094813,-1975.55412692872,1975.53532777924,-3021.34433416739,3021.32553501791
2025-12-17,-0.00939959054610747,-1979.42026121825,1979.40146203716,-3027.25707631516,3027.23827713407
2025-12-18,-0.00939959565362312,-1983.27885443674,1983.26005524543,-3033.1582853957,3033.13948620439
2025-12-19,-0.0093995876307946,-1987.12995348107,1987.11115430581,-3039.04803313287,3039.02923395761
2025-12-20,-0.00939957321715015,-1990.9736055841,1990.95480643767,-3044.92639175952,3044.90759261309
2025-12-21,-0.00939956278672216,-1994.80985567743,1994.79105655185,-3050.79342998712,3050.77463086154
2025-12-22,-0.00939956298842853,-1998.63874535981,1998.61994623383,-3056.64921143195,3056.63041230597
2025-12-23,-0.00939957273228846,-2002.460313849,2002.44151470354,-3062.49379607297,3062.47499692751
2025-12-24,-0.00939958440031836,-2006.27460029244,2006.25580112364,-3068.32724378505,3068.30844461625
2025-12-25,-0.00939958992667055,-2010.08164551397,2010.06284633412,-3074.14961700716,3074.1308178273
2025-12-26,-0.00939958618244549,-2013.88149225026,2013.8626930779,-3079.96098110102,3079.94218192865
2025-12-27,-0.00939957660113231,-2017.67418376149,2017.65538460829,-3085.76140222557,3085.74260307236
2025-12-28,-0.00939956825478729,-2021.45976200308,2021.44096286657,-3091.55094454233,3091.53214540582
2025-12-29,-0.00939956669232633,-2025.23826656858,2025.2194674352,-3097.32966860148,3097.3108694681
2025-12-30,-0.00939957225341134,-2029.00973514069,2028.99093599619,-3103.09763203357,3103.07883288906
2025-12-31,-0.0093995805234333,-2032.77420486528,2032.75540570423,-3108.85489165061,3108.83609248957
2026-01-01,-0.00939958561859579,-2036.53171376523,2036.51291459399,-3114.60150560672,3114.58270643548
2026-01-02,-0.00939958439065335,-2040.2823011323,2040.26350196352,-3120.33753399512,3120.31873482634
2026-01-03,-0.00939957829781404,-2044.02600680627,2044.00720764968,-3126.06303774473,3126.04423858813
2026-01-04,-0.00939957193807916,-2047.76286989717,2047.7440707533,-3131.77807666673,3131.75927752285
2026-01-05,-0.00939956963583066,-2051.49292791885,2051.47412877958,-3137.48270813131,3137.46390899204
2026-01-06,-0.0093995725860825,-2055.21621682273,2055.19741767755,-3143.1769871208,3143.15818797563
2026-01-07,-0.00939957824484563,-2058.93277189952,2058.91397274303,-3148.86096760905,3148.84216845256
2026-01-08,-0.0093995825234304,-2062.64262877178,2062.62382960673,-3154.5347040782,3154.51590491315
2026-01-09,-0.00939958266356854,-2066.34582386304,2066.32702469772,-3160.1982522347,3160.17945306938
2026-01-10,-0.00939957897164115,-2070.04239404123,2070.02359488329,-3165.85166846303,3165.83286930508
2026-01-11,-0.00939957432767516,-2073.73237579256,2073.7135766439,-3171.49500856249,3171.47620941383
2026-01-12,-0.00939957197679326,-2077.41580450785,2077.3970053639,-3177.12832665696,3177.10952751301
2026-01-13,-0.00939957326660613,-2081.09271439055,2081.07391524401,-3182.75167505539,3182.73287590885
2026-01-14,-0.00939957698551996,-2084.76313894076,2084.74433978679,-3188.36510499242,3188.34630583845
2026-01-15,-0.00939958037026016,-2088.427111682,2088.40831252126,-3193.96866773928,3193.94986857854
2026-01-16,-0.00939958115781005,-2092.08466657879,2092.06586741648,-3199.56241524144,3199.54361607913
2026-01-17,-0.00939957907172136,-2095.73583792124,2095.7170387631,-3205.14639994123,3205.12760078309
2026-01-18,-0.00939957580444919,-2099.38065979359,2099.36186064199,-3210.72067396512,3210.70187481352
2026-01-19,-0.00939957368129695,-2103.01916554709,2103.00036639972,-3216.28528831819,3216.26648917083
2026-01-20,-0.00939957404072547,-2106.6513876142,2106.63258846612,-3221.84029260093,3221.82149345285
2026-01-21,-0.00939957638448701,-2110.27735778656,2110.25855863379,-3227.3857354347,3227.36693628193
2026-01-22,-0.00939957893420272,-2113.89710769396,2113.87830853609,-3232.92166519403,3232.90286603617
2026-01-23,-0.00939957994431368,-2117.51066916554,2117.49187000565,-3238.44813055832,3238.42933139843
2026-01-24,-0.00939957887986222,-2121.11807422813,2121.09927507037,-3243.96518050866,3243.9463813509
2026-01-25,-0.00939957666653882,-2124.71935479226,2124.70055563892,-3249.4728638475,3249.45406469417
2026-01-26,-0.0093995749184659,-2128.31454226201,2128.29574311217,-3254.9712286024,3254.95242945256
2026-01-27,-0.00939957476665588,-2131.90366735545,2131.88486820591,-3260.46032175196,3260.44152260243
2026-01-28,-0.0093995761645813,-2135.48676022041,2135.46796106809,-3265.94018940338,3265.92139025105
2026-01-29,-0.0093995780111715,-2139.06385075787,2139.04505160185,-3271.4108772868,3271.39207813078
2026-01-30,-0.00939957901048807,-2142.63496890113,2142.61616974311,-3276.87243118195,3276.85363202393
2026-01-31,-0.00939957856956849,-2146.2001446776,2146.18134552046,-3282.32489701212,3282.30609785498
2026-02-01,-0.00939957712737757,-2149.75940802896,2149.74060887471,-3287.76832056893,3287.74952141467
2026-02-02,-0.00939957575758668,-2153.31278854365,2153.29398939213,-3293.2027471034,3293.18394795188
2026-02-03,-0.00939957538560883,-2156.86031528559,2156.84151613482,-3298.62822106448,3298.60942191371
2026-02-04,-0.00939957616134857,-2160.40201683778,2160.38321768545,-3304.04478616602,3304.02598701369
2026-02-05,-0.00939957744825152,-2163.93792150034,2163.91912234544,-3309.45248568966,3309.43368653476
2026-02-06,-0.00939957832515672,-2167.46805750392,2167.44925834727,-3314.85136281093,3314.83256365428
2026-02-07,-0.00939957823763761,-2170.99245308878,2170.97365393231,-3320.24146071989,3320.22266156341
2026-02-08,-0.00939957733998481,-2174.51113641536,2174.49233726068,-3325.62282248411,3325.60402332943
2026-02-09,-0.00939957632048704,-2178.0241353819,2178.00533622926,-3330.99549076993,3330.97669161729
2026-02-10,-0.00939957587887126,-2181.53147748843,2181.51267833667,-3336.35950763462,3336.34070848287
2026-02-11,-0.00939957626029655,-2185.03318982966,2185.01439067714,-3341.71491451585,3341.69611536333
2026-02-12,-0.00939957712489393,-2188.52929921702,2188.51050006277,-3347.06175241834,3347.04295326409
2026-02-13,-0.00939957783923299,-2192.0198323308,2192.00103317512,-3352.40006214641,3352.38126299073
2026-02-14,-0.00939957793450075,-2195.50481580134,2195.48601664547,-3357.7298844279,3357.71108527203
2026-02-15,-0.0093995774065103,-2198.98427617087,2198.96547701606,-3363.05125985565,3363.03246070083
2026-02-16,-0.00939957667347675,-2202.45823977757,2202.43944062422,-3368.36422871019,3368.34542955684
2026-02-17,-0.00939957625377015,-2205.92673264687,2205.90793349437,-3373.66883079373,3373.65003164122
2026-02-18,-0.00939957639939053,-2209.38978046821,2209.37098131541,-3378.96510539473,3378.94630624193
2026-02-19,-0.00939957695682097,-2212.8474086618,2212.82860950789,-3384.25309139013,3384.23429223622
2026-02-20,-0.00939957750835907,-2216.29964248585,2216.28084333083,-3389.53282740925,3389.51402825423
2026-02-21,-0.00939957768075238,-2219.74650710702,2219.72770795166,-3394.80435194139,3394.78555278602
2026-02-22,-0.00939957739456135,-2223.18802759318,2223.16922843839,-3400.06770332457,3400.04890416978
2026-02-23,-0.00939957688889884,-2226.62422884116,2226.60542968738,-3405.32291963508,3405.3041204813
2026-02-24,-0.00939957652675147,-2230.05513549816,2230.0363363451,-3410.57003856737,3410.55123941432
2026-02-25,-0.00939957654035874,-2233.48077192971,2233.46197277663,-3415.8090973852,3415.79029823212
2026-02-26,-0.00939957688336881,-2236.90116225495,2236.88236310119,-3421.04013297561,3421.02133382184
2026-02-27,-0.00939957729099788,-2240.31633041805,2240.29753126347,-3426.26318195819,3426.24438280361
2026-02-28,-0.00939957748092018,-2243.72630024643,2243.70750109147,-3431.478280774,3431.45948161904
2026-03-01,-0.00939957734569784,-2247.1310954582,2247.11229630351,-3436.6854656968,3436.66666654211
2026-03-02,-0.00939957700859694,-2250.53073962094,2250.51194046692,-3441.88477277003,3441.86597361602
2026-03-03,-0.00939957671839374,-2253.92525609495,2253.90645694151,-3447.07623772006,3447.05743856663
2026-03-04,-0.0093995766664756,-2257.31466800355,2257.29586885022,-3452.25989591086,3452.24109675753
2026-03-05,-0.00939957686485774,-2260.69899824761,2260.68019909388,-3457.43578236627,3457.41698321254
2026-03-06,-0.00939957715472488,-2264.07826955238,2264.05947039807,-3462.60393184165,3462.58513268734
2026-03-07,-0.00939957733067574,-2267.45250451221,2267.43370535754,-3467.76437889218,3467.74557973752
2026-03-08,-0.00939957728475411,-2270.82172560481,2270.80292645024,-3472.91715789462,3472.89835874005
2026-03-09,-0.00939957706992423,-2274.18595516924,2274.1671560151,-3478.06230301359,3478.04350385945
2026-03-10,-0.00939957684786827,-2277.54521536789,2277.52641621419,-3483.19984814342,3483.18104898972
2026-03-11,-0.00939957677008212,-2280.89952816015,2280.88072900661,-3488.32982686805,3488.31102771451
2026-03-12,-0.00939957687500375,-2284.24891530646,2284.23011615271,-3493.45227246718,3493.43347331343
2026-03-13,-0.00939957707359987,-2287.59339839733,2287.57459924319,-3498.56721796069,3498.54841880654
2026-03-14,-0.00939957722221298,-2290.93299888679,2290.91419973235,-3503.67469615975,3503.65589700531
2026-03-15,-0.00939957722502676,-2294.26773810794,2294.24893895349,-3508.77473969058,3508.75594053613
2026-03-16,-0.00939957709434922,-2297.59763726332,2297.57883810914,-3513.86738097967,3513.84858182548
2026-03-17,-0.0093995769320216,-2300.9227173998,2300.90391824594,-3518.95265221536,3518.9338530615
2026-03-18,-0.00939957685088114,-2304.24299938809,2304.22420023439,-3524.0305853166,3524.0117861629
2026-03-19,-0.00939957689800977,-2307.55850392083,2307.53970476704,-3529.10121193002,3529.08241277622
2026-03-20,-0.00939957702894947,-2310.86925153009,2310.85045237603,-3534.16456345672,3534.14576430267
2026-03-21,-0.00939957714675929,-2314.17526261122,2314.15646345692,-3539.22067108878,3539.20187193449
2026-03-22,-0.00939957717294795,-2317.47655743754,2317.4577582832,-3544.2695658316,3544.25076667725
2026-03-23,-0.00939957709879638,-2320.77315615761,2320.75435700341,-3549.31127849973,3549.29247934553
2026-03-24,-0.00939957698421938,-2324.06507877987,2324.04627962591,-3554.34583969342,3554.32704053945
2026-03-25,-0.00939957691092955,-2327.35234515707,2327.33354600324,-3559.37327977477,3559.35448062094
2026-03-26,-0.00939957692448371,-2330.63497498216,2330.61617582832,-3564.39362886156,3564.37482970771
2026-03-27,-0.00939957700716969,-2333.91298779819,2333.89418864417,-3569.40691684227,3569.38811768826
2026-03-28,-0.00939957709622097,-2337.18640301491,2337.16760386072,-3574.41317340163,3574.39437424744
2026-03-29,-0.00939957713067439,-2340.45523992129,2340.43644076703,-3579.41242803958,3579.39362888531
2026-03-30,-0.00939957709251406,-2343.71951768663,2343.70071853245,-3584.40471007305,3584.38591091886
